{"cameraMode":{"drawMode":0,"name":"Shaded","section":"Shading Mode"},"sceneLighting":true,"audioPlay":false,"sceneViewState":{"m_AlwaysRefresh":false,"showFog":true,"showSkybox":true,"showFlares":true,"showImageEffects":true,"showParticleSystems":true,"showVisualEffectGraphs":true,"m_FxEnabled":true},"in2DMode":false,"pivot":{"x":13.73363208770752,"y":-2.9276676177978517,"z":-14.206600189208985},"rotation":{"x":-0.02856299839913845,"y":0.1294955462217331,"z":-0.003733409335836768,"w":-0.9911758303642273},"size":1.4015920162200928,"orthographic":false}