{"cameraMode":{"drawMode":0,"name":"Shaded","section":"Shading Mode"},"sceneLighting":false,"audioPlay":false,"sceneViewState":{"m_AlwaysRefresh":false,"showFog":true,"showSkybox":false,"showFlares":true,"showImageEffects":true,"showParticleSystems":true,"showVisualEffectGraphs":true,"m_FxEnabled":true},"in2DMode":false,"pivot":{"x":-0.009705513715744019,"y":0.06782229244709015,"z":-0.07560085505247116},"rotation":{"x":-0.01125899888575077,"y":-0.8228020071983337,"z":0.01629829965531826,"w":-0.5680086612701416},"size":0.17320507764816285,"orthographic":false}