{"cameraMode":{"drawMode":0,"name":"Shaded","section":"Shading Mode"},"sceneLighting":false,"audioPlay":false,"sceneViewState":{"m_AlwaysRefresh":false,"showFog":true,"showSkybox":false,"showFlares":true,"showImageEffects":true,"showParticleSystems":true,"showVisualEffectGraphs":true,"m_FxEnabled":true},"in2DMode":false,"pivot":{"x":0.6826438307762146,"y":1.5915982723236085,"z":-2.622742176055908},"rotation":{"x":-0.006302324123680592,"y":-0.993695080280304,"z":0.07647603005170822,"w":-0.08187486976385117},"size":2.6660280227661135,"orthographic":false}