{"cameraMode":{"drawMode":0,"name":"Shaded","section":"Shading Mode"},"sceneLighting":false,"audioPlay":false,"sceneViewState":{"m_AlwaysRefresh":false,"showFog":true,"showSkybox":false,"showFlares":true,"showImageEffects":true,"showParticleSystems":true,"showVisualEffectGraphs":true,"m_FxEnabled":true},"in2DMode":false,"pivot":{"x":0.8660900592803955,"y":1.2121822834014893,"z":-1.5973695516586304},"rotation":{"x":-0.012284903787076474,"y":-0.9290061593055725,"z":0.03095550835132599,"w":-0.36859089136123659},"size":2.6660280227661135,"orthographic":false}