{"cameraMode":{"drawMode":0,"name":"Shaded","section":"Shading Mode"},"sceneLighting":false,"audioPlay":false,"sceneViewState":{"m_AlwaysRefresh":false,"showFog":true,"showSkybox":false,"showFlares":true,"showImageEffects":true,"showParticleSystems":true,"showVisualEffectGraphs":true,"m_FxEnabled":true},"in2DMode":false,"pivot":{"x":0.5104995965957642,"y":3.6573140621185304,"z":-0.3857743740081787},"rotation":{"x":-0.06303403526544571,"y":-0.9145084619522095,"z":0.15680170059204102,"w":-0.36761048436164858},"size":2.8583121299743654,"orthographic":false}